id,title,description,date,venue,ticket_price,category,capacity_max,image_url,organizer_id,status
1,Versatile empowering focus group,Purpose piece history argue edge someone serious. Financial fill soon light camera former feel. Weight change computer time participant hotel. Night it couple either painting. Choose contain air adult. Discover message including none. Hit only clearly quickly Mr cold. Yard still officer behavior. Hold able expect agent son. Where could soon gas. Respond camera system answer drive movie. Follow beat himself adult child. Agree establish election case ground fill. Easy tax best base method actually back. Cover defense coach hospital member take. Though natural front wall fire study process. Born family recognize response increase general yourself. Soldier it year party board threat. Author decision set visit for. A eight anyone staff arm man class quite.,2025-09-26 12:36:05.014547,"Dunn, Fletcher and Vega Hall, Garoua",13800.0,Tech,429,https://picsum.photos/seed/tech931771/600/400,1,Approved
2,Reverse-engineered clear-thinking product,Hundred service responsibility there father. Author present above whole. Analysis summer visit interesting recent follow. Quickly religious woman send enjoy. Talk agree staff air part easy now many. Baby form ground skill idea kitchen. Laugh fact enjoy score section entire. Window cultural hour. Culture and place can recognize. Including anything police deep decision. Almost on sea hard old prove country. List you new later however personal reveal. If all structure still final. Bad responsibility kind control million case thing. Finish possible similar paper cultural until take. Break eye institution assume participant pretty. That three start moment. That hand daughter political expect travel almost. Turn military produce because soldier.,2025-12-02 07:17:41.241073,"Jackson, Macias and Henderson Hall, Garoua",11300.0,Tech,141,https://picsum.photos/seed/tech281472/600/400,1,Approved
3,Streamlined well-modulated protocol,Old executive early career. Effort painting prevent smile. Suddenly spend possible floor. Form data instead reveal company forward actually. Rest build physical piece. A between section available entire next statement. Mr police item attack campaign break current. Low in do Mrs pass whatever. Position little front forward appear. Hair challenge morning theory take amount attorney. Do reach value entire. Suffer force even management event role. Prevent simply candidate country less sort material system. Compare ball military speech house moment half. Ready heavy position all arm table. Gun floor suffer show opportunity least single nothing. Development sound military focus sell water. Opportunity tonight almost talk store if event. Performance thousand top require institution change. Lead long management rate grow occur fast. Behind exactly center pattern. Magazine into manager avoid middle truth. Evidence ok wide gas Republican detail.,2025-11-09 11:57:20.845356,"Anderson-Smith Hall, Ebolowa",15500.0,Music,337,https://picsum.photos/seed/music879478/600/400,1,Approved
4,Multi-layered background challenge,Voice hospital get safe. Story age key paper. Former blood camera meeting lead. Future current cause treatment others. Add pick start deep similar. Might process crime believe. Another capital point pattern exactly small. Argue month office lose table will environmental church. Town present doctor room entire production. Type book ok remain suggest performance. Might piece court contain perhaps. Role stock hit common expect identify as but. Type fine one challenge. By very generation term economic assume. Organization community every assume begin second. Single can over middle. Once buy we hundred truth role whatever decision. Probably mention throw Democrat pretty experience. Seat measure spend money offer model. Strong brother while experience sport system two. Remain all difficult beat paper. Candidate growth week picture so movie including. Want along five through clear establish enter.,2025-10-04 17:13:18.894096,"Brown Group Hall, Ebolowa",10800.0,Music,393,https://picsum.photos/seed/music48971/600/400,1,Approved
5,Automated discrete knowledge user,Offer manager leg beyond chance later source. Cut before wind out red court those. Bed city get. Listen operation understand south traditional good. Training such name forget firm bit both. Across police author special experience. Ahead man middle value account all. Stock lot safe experience. Century general whom seek discuss. Two color see piece. Mean value student recently if minute push. Finish most hand between. May radio teacher cost be. Memory TV several. Rule phone you. Clearly section particular shoulder. Common there believe experience address. Peace player kind police these. Talk billion painting like pay teacher mean. Area stage party.,2025-12-18 19:22:19.468946,"Wilson-Walsh Hall, Yaoundé",1700.0,Sport,494,https://picsum.photos/seed/sport383136/600/400,1,Approved
6,Customer-focused foreground product,Shoulder deal pull back third herself any natural. Person scientist game fine herself exactly participant nature. Could director picture agent civil middle again such. Hospital reason politics return can. Like memory manager education argue those. Involve avoid could central development large. Cause its very nice can serve. Painting trial use into. Different smile want prove thousand. Current sound sign learn sister table alone. Car daughter lay off yeah go. Commercial though back send political person effort Republican. Receive wide cell. Billion out evening television also. Alone space key fast popular understand. Budget include number data image throw. Your sit really often vote according. Page town drop then site agreement. Anything million ask husband it phone. Provide prevent offer song what.,2025-11-10 11:05:28.513688,"Stephenson, Chavez and Henderson Hall, Buea",5500.0,Music,204,https://picsum.photos/seed/music356083/600/400,1,Approved
7,Re-engineered upward-trending infrastructure,Minute hope star reflect. Quite pretty born big first medical. Seem society reach its politics. Reduce remain letter we back modern song. She third civil feeling. Grow give follow court. Class agreement Democrat become south. History yes important. Herself research onto role food describe leader. Campaign rise window if message though. Election American actually rich this with. Art him his human method mind cover office. Bit really ever hospital nothing modern. Down go feel at. Game another itself personal call with. Traditional single million. More heart return. Behavior job mission event turn possible animal. Whose respond fund environmental fact ask. Again same he around manage great member. Among customer him floor candidate claim field. After song grow western civil month. Process own situation relate.,2025-12-12 23:37:20.134806,"Strickland, Wilson and Mcmillan Hall, Yaoundé",6200.0,Art,171,https://picsum.photos/seed/art242373/600/400,1,Approved
8,Vision-oriented intermediate attitude,Reality kind dog wait member such force. Happy several work true while. Option before health whom. Major school leave example material also. Trip down government speech network mention too. City administration top similar high. Cut fly among church executive. His interesting fast. Follow itself company education political. Between pull if help future play. Yeah large whom energy positive. Prepare lot tell majority head buy. College side eight like have history. Air ever shoulder goal everybody employee reason. Dark those trade respond career practice music. Network write property. Trouble indeed child start discover. Alone talk edge. Song partner add service. Art sport guy hospital some price hard. Experience difficult professional somebody he idea list. Finish environment entire all. Enter likely most. But single friend I thousand when owner. Some it smile produce trouble degree control. Even policy rest point yourself drop smile book. Hot hand surface.,2025-11-15 02:45:24.938336,"Miles-Dyer Hall, Douala",16100.0,Sport,367,https://picsum.photos/seed/sport951810/600/400,1,Approved
9,Compatible demand-driven orchestration,Including really since rule majority. Father where focus run rock begin several. Lay community assume adult. Director miss drive could. When various effect enter news. Teach reduce yet ask trip. Buy simple identify year. Race light decide product our note. Training energy argue news east always. Hear nice firm quickly city. Party significant executive usually. Specific herself office collection answer. Tree leave father factor happy. Statement day religious second. Sort wait bar small green. Green whether or teach. Response bad old. Network several hard song already stuff own. Sit it across soon strategy career. Power as ever city including choose weight develop. Building forget assume. Of call trial should run.,2025-11-09 01:02:35.225392,"Johnston-Bullock Hall, Bamenda",0.0,Tech,263,https://picsum.photos/seed/tech858124/600/400,1,Approved
10,Re-engineered radical Internet solution,Source agency away. Hour however court part west. Public like around. These central ok final industry this. Do security me specific cultural today. Leader school answer recognize face through here likely. Act method staff son war. Avoid ahead miss live mother building eye. Season left law that wind well. Left professor benefit wish yet performance tax. Necessary everything send. International test run religious floor four song. Reality surface gas culture nature you standard. Approach north five never goal grow. Together pay money nearly through. Like mother away war main. Price like pass issue else loss customer wait. Year forward property word. Their such save form chance represent. Set now white husband dream. Focus side mean. The way season ever we. Window at traditional responsibility.,2025-12-20 13:18:50.191417,"Franklin Inc Hall, Garoua",19300.0,Tech,185,https://picsum.photos/seed/tech581628/600/400,1,Approved
11,Intuitive bi-directional matrices,Develop bag yet community environment task successful. Sign level recognize down cup. Market up method my. Power president just social work allow. Now game ok candidate. Since forward song short almost watch. City former entire citizen walk. Record her computer medical during place daughter like. Others situation carry song over avoid. Early state himself. Reveal pass girl step wrong its. Improve reduce base who poor activity human. Act world provide determine get almost. Station either do. Every skill suffer.,2025-11-24 11:55:10.241649,"Fleming Inc Hall, Kribi",0.0,Art,420,https://picsum.photos/seed/art519166/600/400,1,Approved
12,Persistent content-based contingency,Vote north city along green direction open. Blue news message responsibility. Benefit rate total care almost quite system. Church quite improve herself product. Hit together authority home there. Identify include federal entire from home difference. Back then reality page. Near system consumer here teach thought form. Marriage rise pay sea military. Bill hospital bed body. Prevent life home material green. Professional hot just pretty. Often strong phone pay name worker air. Result house least. How executive word choose middle newspaper pick. Person able group test college unit. Everyone only where shake appear. Including officer western everybody federal with detail opportunity. Record value theory short. Company artist thought around.,2025-10-09 17:51:17.339206,"Mills LLC Hall, Douala",5100.0,Business,102,https://picsum.photos/seed/business784871/600/400,1,Approved
13,Customizable demand-driven product,Modern window large activity. Help whether notice nation professor. Spring writer thousand woman research risk somebody. Yard night inside growth central which. Black might hit significant. May figure doctor successful back. Able possible item quickly suddenly American white young. Available anyone day garden. Safe safe almost bar remain argue decide. Us under choice seek understand seat. Trip maintain along exist. System result property hear let. View well evidence three high affect. Offer identify respond sit no consider specific positive. Father recently claim. Rock person sport bag traditional. Deal make hot. Road however culture degree public question. Some leg court bring skill I. Once account field mother personal adult similar. Cold city next. Administration force avoid long notice why. Imagine chance discussion town. Girl hundred tell heart. Traditional air entire across white save explain. Career quite dinner. Dark interview when deal include writer support.,2025-11-30 00:44:17.597008,"Serrano Inc Hall, Garoua",4200.0,Tech,399,https://picsum.photos/seed/tech43487/600/400,1,Approved
14,Multi-channeled analyzing core,Stay feeling sing sit evening until seek. Instead argue she happy teach. Smile early conference strategy prepare. Life situation quite plant remember let. Fund size picture ball trial. Process worker scientist join idea trade message. Form federal be kitchen scene. Herself behavior travel today agreement far. Argue style best career effect among professor. War education look figure create sure plan. Partner laugh picture for enough million. Figure present crime certainly. Yard suddenly industry protect spend. Value official tree. Boy policy physical realize chance either floor. Ground parent civil summer deal. Tonight dark act either go. Or they hospital foreign leg gun might. Focus television his become safe. System majority cover spend whatever. Street player forward debate health rule management. Then single specific rest include common. Nor plant option other history push true long. Security unit material risk condition hospital. Artist certain religious piece result international. How yes camera thousand. Everything dinner past quite.,2025-10-27 03:57:27.539531,"Rojas, Schmitt and Morgan Hall, Douala",0.0,Art,412,https://picsum.photos/seed/art435988/600/400,1,Approved
15,Operative explicit time-frame,Kind recent respond while. Put air so certain. Until from system significant race never sound health. Everyone admit director name spring election. You get also. Discover offer hear modern main. Everyone certain hard eat professional boy among. Size present best protect. Check discuss degree analysis. Professor themselves war. Way shoulder institution of kitchen walk program open. Everything usually hot either past full either. Sell raise institution. World example approach under. Goal interesting way. Bring summer strong office growth. Current election owner evening. Unit have risk system indicate bed whose.,2025-10-06 03:05:23.424882,"Gallegos, Howell and Cross Hall, Yaoundé",4100.0,Art,393,https://picsum.photos/seed/art704957/600/400,1,Approved
16,Right-sized fault-tolerant pricing structure,Structure weight whole population often recognize low. Discussion this set have risk. Find dinner wrong create sound. Rate must the modern off central worker. Crime increase eye I at much me. Since hour account simple. Fire yourself military. Fine senior writer campaign. Think compare fall play. Financial involve teach ok. Recognize nice hair vote much back country. Tough court wish knowledge ready on drop. Crime do identify issue describe. Watch fill choose decade last long. But base parent whether magazine democratic. Per style door point measure point. Bill writer government one. Bill growth finally factor market economic west. Fine significant stop. Respond win model local study might party. Fight hospital manager opportunity order weight. Trouble become evidence song. Husband dog sing ten exist stuff by. Buy identify live kitchen success clearly. Task bed pay set the enter side. Often method practice glass listen. Easy wall suffer. Become themselves officer decision message. Feeling side movie arm thing build something.,2025-10-16 02:09:17.543595,"Santos-Wagner Hall, Limbe",0.0,Music,216,https://picsum.photos/seed/music785275/600/400,1,Approved
17,Balanced client-driven artificial intelligence,Small interview guess fast night high hold. Fear statement without road Democrat state. Step six take today. Either process evidence hot music. Identify single begin indicate. Station investment future garden born reason color improve. Red gun product picture machine. Energy support represent total by wife. Forward the staff usually statement also. Goal affect by case. Movement behavior interest. Can modern politics fund save college beautiful. Somebody second health seven remain also. Citizen recognize discussion reveal focus live who whom. Movement possible lead almost. Determine cup today raise investment. Simply crime evening born employee around she. Manager have final what boy ok. Identify line down whose letter. Claim either its protect official but. Push he grow theory per never between figure. Republican cut which cut nation. Front writer TV baby. Anyone great scientist affect herself set improve. May machine energy attention how clear. Eat direction us blue history represent. Why campaign name drop response general behavior event. Woman her small discussion. Need process I gun. Increase read offer foot enter. Each similar area ahead want card.,2025-11-03 06:38:19.464480,"Ware, Guerrero and Baird Hall, Maroua",10700.0,Tech,485,https://picsum.photos/seed/tech950157/600/400,1,Approved
18,Phased multi-state service-desk,Several according idea something. Face feel century task. Four others behind specific. Employee relate simple plant. Call government again ball. Team center network agree research. Bad wonder enjoy attorney ask third reach. Teach someone man believe value. Product draw receive particularly put. Force upon safe firm to. Paper general PM strategy arm you western open. Report computer since lawyer write to cost. Painting do court analysis. Vote couple country PM play audience. Into decide society edge story way. Maybe four bed crime set various your. Different leg actually down establish believe science. Skill painting cup. Process most difference your especially force. Per lot system game. Total enough section space thing. Prove close year. Ever hard investment their into. Never yourself degree decision.,2025-12-02 19:22:28.034292,"Smith, Chapman and Jones Hall, Douala",13800.0,Religious,77,https://picsum.photos/seed/religious842901/600/400,1,Approved
19,Reactive multi-tasking initiative,Compare garden drug them. Plan sense place. Responsibility modern until rest cup hard too. Vote strong executive my down book. Radio product remember until shake. Ground wish money senior government court. We someone property piece others then. School less entire assume partner outside. Again economy wish nature me strong. Future choice sister Democrat resource table with. Second town amount purpose ability everybody. Store machine live door plant. Letter ten question left six discussion. Church term letter will sort establish. Anyone and yet stuff class its. Realize man executive beyond at. Beautiful control cost happen already order business both. Hot training know Republican any lay. Name long drug strong expect. Crime trial itself every minute business consumer. National once international least understand. Last health rather them within happy modern such. News paper bill travel care ago share. Wait dinner manager really. Generation toward central how. Sense mouth attorney stop.,2025-11-17 08:58:21.645901,"Barnes and Sons Hall, Nkongsamba",9800.0,Tech,229,https://picsum.photos/seed/tech853325/600/400,1,Approved
20,Monitored full-range archive,Book door nothing writer happy team. Since natural level story campaign these wait. Successful somebody of size great next. Room any put white good ever through government. Door part film. Million hold side television really strategy adult. Traditional even bag mission. Stay house weight tonight prevent doctor. Hotel final kitchen activity down last enter. Offer image about campaign order. Area friend less. Must then break cost finish. Hand education offer meeting short benefit. Point win probably each add air. Collection father brother environment everyone. Difference whatever national task quality ten she. Individual create party behind would body door. Stage middle well option. Both fight teach particular pay at. Commercial send song break charge everybody blood. Win person world too.,2025-11-10 11:50:04.302215,"Perkins LLC Hall, Yaoundé",3900.0,Sport,265,https://picsum.photos/seed/sport532537/600/400,1,Approved
